t,delta_coh,S,O,entropy,temp,top_p
1762382319,0.00395655351244862,0.003956491576280433,0.6830108616218878,7.3908891677856445,0.6,0.7
