t,delta_coh,S,O,entropy,temp,top_p
1762382319,0.00395655351244862,0.003956491576280433,0.6830108616218878,7.3908891677856445,0.6,0.7
1762404793,0.03218673127268916,0.03215342078950909,0.6919533171818277,6.502299785614014,0.6,0.7
1762490925,0.02789648804682516,0.02787479548946409,0.6930258779882937,6.502299785614014,0.6,0.7
